101.rle,101
104p177.rle,104P177
104p177reactions.rle,104P177 reactions
104p177_synth.rle,104P177_synth
104p25.rle,104P25
105p25.rle,105P25
10cellinfinitegrowth.rle,10-cell infinite growth
10enginecordership.rle,10-engine Cordership
112p51.rle,112P51
112p51extended.rle,112P51 extended
112p51_synth.rle,112P51_synth
114p6h1v0.rle,114P6H1V0
114p6h1v0pushalong.rle,114P6H1V0 pushalong
114p6h1v0pushalong2.rle,114P6H1V0 pushalongs
117p18.rle,117P18
117p9h3v0.rle,117P9H3V0
119p4h1v0.rle,119P4H1V0
123.rle,1-2-3
1234.rle,1-2-3-4
1234_synth.rle,1-2-3-4_synth
123p271.rle,123P27.1
124p21.rle,124P21
124p37.rle,124P37
126p3h1v0.rle,126P3H1V0
128p13.1.rle,128P13.1
132p37.rle,132P37
134p25.rle,134P25
134p39.1.rle,134P39.1
13enginecordership.rle,13-engine Cordership
144p24.rle,144P24
145p20.rle,145P20
151p3h1v0.rle,151P3H1V0
160p10h2v0.rle,160P10H2V0
168p22.1.rle,168P22.1
17c45reaction.rle,17c/45_Reaction
17columnheavyweightvolcano.rle,17c/45_Reaction
186p24.rle,186P24
18p2.471.rle,18P2.471
1beacon.rle,1 beacon
1beacon_synth.rle,1 beacon_synth
20p2.rle,20P2
21p2.rle,21P2
21p2_synth.rle,21P2_synth
22p2.rle,22P2
22p36.rle,22P36
22p36_synth.rle,22P36_synth
23334m.rle,23334M
233p3h1v0.rle,233P3H1V0
23p2.rle,23P2
23p2_synth.rle,23P2_synth
24cellquadraticgrowth.rle,24-cell quadratic growth
24p10.rle,24P10
24p2.rle,24P2
258p3.rle,24P2
258p3onachimsp11.rle,158P3 on Achim's p11
25cellquadraticgrowth.rle,25-cell quadratic growth
25p3h1v0.1.rle,25P3H1V0.1
25p3h1v0.2.rle,25P3H1V0.2
25p3h1v0.2_synth.rle,25p3h1v0.2_synth.rle
26cellquadraticgrowth.rle,26-cell quadratic growth
26p2.rle,26P2
26p40.rle,26P40
274p6h1v0.rle,274P6H1V0
28p7.2.rle,28P7.2
28p7.2_synth.rle,28P7.2_synth
28p71.rle,28P7.1
295p5h1v1.rle,295P5H1V1
29p9.rle,29P9
2c5ladders.rle,2c/5 ladders
2fumaroles.rle,2 fumaroles
2x12infinitegrowth.rle,2x12 infinite growth
2x210cellstilllifes.rle,2x2 10-cell still lifes
2x22cellstilllifes.rle,2x2 2-cell still lifes
2x23cellstilllifes.rle,2x2 3-cell still lifes
2x24cellstilllifes.rle,2x2 4-cell still lifes
2x25cellstilllifes.rle,2x2 5-cell still lifes
2x26cellstilllifes.rle,2x2 6-cell still lifes
2x27cellstilllifes.rle,2x2 7-cell still lifes
2x28cellstilllifes.rle,2x2 8-cell still lifes
2x29cellstilllifes.rle,2x2 9-cell still lifes
2x2blockoscillators.rle,2x2 block oscillators
2x2glider.rle,2x2 glider
2x2linepuffer.rle,2x2 line puffer
2x2oscillators.rle,2x2 oscillators
2x2period2oscillators.rle,2x2 period 2 oscillators
2x2stills.rle,2x2 still lifes
30p5h2v0.rle,30P5H2V0
30p5h2v0_synth.rle,30P5H2V0 Synthesis
34p13.rle,34P13
34p64.rle,34P64
35p52.rle,35P52
35p52_synth.rle,35P52_synth
36p22.rle,36P22
36p22_synth.rle,36P22_synth
37p10.1.rle,37P10.1
37p10.2.rle,37P10.2
37p7.1.rle,37P7.1
38p111.rle,38P11.1
38p24.rle,38P24
38p7.2.rle,38P7.2
38p7.3.rle,38P7.3
3enginecordership.rle,3-engine Cordership
3enginecordershipeater.rle,3-engine Cordership eater
3enginecordershipgun.rle,3-engine Cordership gun
3enginecordershiplwssreflection.rle,3-engine Cordership LWSS reflection
3enginecordershiprake.rle,3-engine Cordership rake
3enginecordership_synth.rle,3-engine Cordership_synth
400p49.rle,400P49
41p7.2.rle,41P7.2
42p101.rle,42P10.1
43p18.rle,43P18
43p18_synth.rle,43P18_synth
440p49.1.rle,440P49.1
44p5h2v0.rle,44P5H2V0
44p7.2.rle,44P7.2
45hivenudgers.rle,45 hivenudgers
46p22.rle,46P22
46p4h1v0.rle,46P4H1V0
47p72.rle,47P72
47p72_synth.rle,47P72_synth
4812diamond.rle,4-8-12_diamond
48p20.rle,48P20
48p22.rle,48P22
48p31.rle,48P31
49p88.rle,49P88
49p88_synth.rle,49P88_synth
4boats.rle,4 boats
4boats_synth.rle,Four boats_synth
4c13ladders.rle,4c/13 ladders
4c9ladders.rle,4c/9 ladders
4enginecordership.rle,4-engine Cordership
4enginecordershipb.rle,4-engine Cordership v2
50p35.rle,50P35
54p171.rle,54P17.1
56p18.rle,56P18
56p27.rle,56P27
56p6h1v0.rle,56P6H1V0
58p5h1v1.rle,58P5H1V1
5enginecordership.rle,5-engine Cordership
5x5infinitegrowth.rle,5x5 infinite growth
600p6h1v0.rle,600P6H1V0
60p13.1.rle,60P13.1
60p33.rle,60P33
60p3h1v0.3.rle,60P3H1V0.3
60p3h1v0.3reactions.rle,60P3H1V0.3 reactions
60p5h2v0.rle,60P5H2V0
60p5h2v0eater.rle,60P5H2V0 eater
60p5h2v0_synth.rle,60P5H2V0_synth
64p13.1.rle,64P13.1
64p13.2.rle,64P13.2
64p2h1v0.rle,64P2H1V0
65p131.rle,65P13.1
67p5h1v1.rle,67P5H1V1
68p321.rle,67P5H1V1
69p48.rle,69P48
6enginecordership.rle,6-engine Cordership
6enginecordershipgun.rle,6-engine Cordership gun
6enginecordershipv2.rle,6-engine Cordership v2
6enginecordership_synth.rle,6-engine Cordership_synth
70p5h2v0.rle,70P5H2V0
71p171.rle,71P17.1
7242x1quadraticgrowth.rle,71P17.1
7468m.rle,7468M
77p6h1v1.rle,77P6H1V1
78p70.rle,78P70
7enginecordership.rle,7-engine Cordership
7enginecordershipreflections.rle,7-engine Cordership reflections
7inarowcordership.rle,7-in-a-row Cordership
7inarowcordershipeater.rle,7-in-a-row Cordership eater
7inarowcordership_synth.rle,7-in-a-row Cordership_synth
86p5h1v1.rle,86P5H1V1
86p9h3v0.rle,86P9H3V0
88p28.rle,88P28
92p331.rle,92P33.1
94p271.rle,94P27.1
98p25.rle,98P25
98p25_synth.rle,98P25_synth
achimsp11.rle,Achim's p11
achimsp144.rle,Achim's p144
achimsp144_synth.rle,Achim's p144_synth
achimsp16.rle,Achim's p16
achimsp16_synth.rle,Achim's p16_synth
achimsp4.rle,Achim's p4
achimsp4_synth.rle,Achim's p4_synth
achimsp8.rle,Achim's p8
acorn.rle,Acorn
acorn_synth.rle,Acorn_synth
aforall.rle,A for all
aforall_synth.rle,A for all_synth
aircraftcarrier.rle,Aircraft carrier
aircraftcarrier_synth.rle,Aircraft carrier_synth
airforce.rle,Airforce
ak47reaction.rle,AK47 reaction
ak94.rle,AK-94
ak94_synth.rle,AK-94 synthesis
almostknightship.rle,Almost knightship
almosymmetric.rle,Almosymmetric
alternateeater5.rle,Alternate eater 5
alternatepentadecathlononsnacker.rle,Alternate_PD_on_snacker
alternatepiorbital.rle,Alternate pi orbital
alternatewickstretcher1.rle,Alternate wickstretcher 1
ants.rle,Ants
anvil.rle,Anvil
apps.rle,Asymmetric pre-pulsar spaceship
average.rle,aVerage
b29.rle,B29
B29withgliders.rle,B29withgliders.rle
b29_synth.rle,B29_synth.rle
b3578s238replicator.rle,B3578/S238 replicator
b52bomber.rle,B-52 bomber
babblingbrook1.rle,Babbling brook 1
backrake1.rle,Backrake 1
backrake2.rle,Backrake 2
backrake3.rle,Backrake 3
backwardspacerake.rle,Backward space rake
baker.rle,Baker
bakersdozen.rle,Baker's dozen
bakersdozen_synth.rle,Baker's dozen_synth
bakery.rle,Bakery
bakery_synth.rle,Bakery_synth
barge.rle,Barge
barge2extended.rle,Barge 2 (extended)
barge2spaceship.rle,Barge 2 (spaceship)
bargeextended.rle,Barge (extended)
bargespaceship.rle,Barge (spaceship)
barge_synth.rle,Barge_synth
beacon.rle,Beacon
beaconandlonghook_synth.rle,beacon and long hook_synth
beaconandtwotails.rle,Beacon and two tails
beaconandtwotails_synth.rle,Beacon and two tails_synth
beaconmaker.rle,Beacon maker
beaconon38p11.1.rle,Beacon on 38P11.1
beacon_synth.rle,Beacon_synth
beehat.rle,Bee hat
beehat_synth.rle,Bee hat_synth
beehive.rle,Beehive
beehiveandcap.rle,Beehive and cap
beehiveanddock.rle,Beehive and dock
beehiveandlonghookeatingtub.rle,Beehive and long hook eating tub
beehiveandlonghookeatingtub_synth.rle,Beehive and long hook eating tub_synth
beehiveandtable.rle,Beehive and table
beehiveandtable_synth.rle,beehive and table_synth
beehiveatbeehive.rle,Beehive at beehive
beehiveatbeehive_synth.rle,Beehive at beehive_synth
beehiveatloaf.rle,Beehive at loaf
beehiveatloaf_synth.rle,Beehive at loaf_synth
beehivebendtail.rle,Beehive bend tail
beehivebendtail_synth.rle,Beehive bend tail_synth
beehivefuse.rle,Beehive fuse
beehivewithnine.rle,Beehive with nine
beehivewithnine_synth.rle,Beehive with nine_synth
beehivewithtail.rle,Beehive with tail
beehivewithtail_synth.rle,Beehive with tail_synth
beehive_synth.rle,Beehive_synth
bentkeys.rle,Bent keys
bentkeys_synth.rle,Bent keys_synth
bheptomino.rle,B-heptomino
bheptomino_synth.rle,B-heptomino_synth
biblock.rle,Bi-block
biblock_synth.rle,Bi-block_synth
bicap.rle,Bi-cap
bicap_synth.rle,Bi-cap_synth
biclock.rle,Bi-clock
bigglider.rle,Big glider
bigs.rle,Big S
bigs_synth.rle,Big S_synth
bigun.rle,Bi-gun
bigun_synth.rle,Bi-gun_synth
biloaf1.rle,Bi-loaf 1
biloaf1_synth.rle,Bi-loaf 1_synth
biloaf2.rle,Bi-loaf 2
biloaf2_synth.rle,Bi-loaf 2_synth
biloaf3.rle,Bi-loaf 3
biloaf4.rle,Bi-loaf 4
bipole.rle,Bipole
bipolebridgepseudobarberpole.rle,Bipole bridge pseudo-barberpole
bipolebridgepseudobarberpole_synth.rle,Bipole bridge pseudo-barberpole_synth
bipole_synth.rle,Bipole_synth
bipond.rle,Bi-pond
bipond_synth.rle,Bi-pond_synth
bistableswitch.rle,Bistable switch
bitingoffmorethantheycanchew.rle,Biting off more than they can chew
bitingoffmorethantheycanchewextended.rle,Biting off more than they can chew extended
bitingoffmorethantheycanchew_synth.rle,Biting off more than they can chew_synth
blinker.rle,Blinker
blinkerfuse.rle,Blinker fuse
blinkerfuse2.rle,Blinker fuse 2
blinkerfuse3.rle,Blinker fuse 3
blinkerfuse6c13.rle,Blinker fuse (6c/13)
blinkerfuse_synth.rle,Blinker fuse_synth
blinkerpuffer1.rle,Blinker puffer 1
blinkerpuffer1_synth.rle,Blinker puffer 1_synth
blinkerpuffer2.rle,Blinker puffer 2
blinkersbitpole.rle,Blinkers bit pole
blinkership1.rle,Blinker ship 1
blinker_synth.rle,Blinker_synth
block.rle,Block
blockade.rle,Blockade
blockade_synth.rle,Blockade_synth
blockandcap.rle,Block and cap
blockandcap_synth.rle,Block and cap_synth
blockanddock.rle,Block and dock
blockanddock_synth.rle,Block and dock_synth
blockandglider.rle,Block and glider
blockandtwotails.rle,Block and two tails
blockandtwotails_synth.rle,Block and two tails_synth
blockedp41.rle,Blocked p4-1
blockedp42.rle,Blocked p4-2
blockedp43.rle,Blocked p4-3
blockedp4tnose.rle,Blocked p4 t-nose
blocker.rle,Blocker
blocker_synth.rle,Blocker_synth
blocklayingswitchengine.rle,Block-laying switch engine
blocklayingswitchenginepredecessor.rle,Block-laying switch engine predecessor
blocklayingswitchengine_synth.rle,Block-laying switch engine_synth
blockonboat.rle,Block on boat
blockonboat_synth.rle,Block on boat_synth
blockontable.rle,Block on table
blockontable_synth.rle,Block on table_synth
blockstacker.rle,Blockstacker
block_synth.rle,Block_synth
blom.rle,Blom
boat.rle,Boat
boatbit.rle,Boat-bit
boatmaker.rle,Boat maker
boatonquadpole.rle,Boat on quadpole
boatonquadpole_synth.rle,Boat on quadpole_synth
boatonsparkcoil.rle,Boat on spark coil
boatonsparkcoil_synth.rle,Boat on spark coil_synth
boatshiptie.rle,Boat-ship-tie
boatshiptie_synth.rle,Boat-ship-tie_synth
boatstretcher1.rle,Boatstretcher 1
boattie.rle,Boat-tie
boattie_synth.rle,Boat-tie_synth
boatwithlongtail.rle,Boat with long tail
boatwithlongtail_synth.rle,Boat with long tail_synth
boat_synth.rle,Boat_synth
bomberpredecessor.rle,Bomber predecessor
boojumreflector.rle,Boojum reflector
bookend.rle,Bookend
bookends.rle,Bookends
bookends_synth.rle,Bookends_synth
bookend_synth.rle,Bookend_synth
boss.rle,Boss
bottle.rle,Bottle
brain.rle,Brain
breeder1.rle,Breeder 1
bricklayer.rle,Bricklayer
brokenlines.rle,Broken lines
buckaroo.rle,Buckaroo
buckaroo_synth.rle,Buckaroo_synth
bulletheptomino.rle,Bullet heptomino
bun.rle,Bun
bunnies.rle,Bunnies
bunnies10.rle,Bunnies 10
bunnies11.rle,Bunnies 11
bunnies9.rle,Bunnies 9
bunnies_synth.rle,Bunnies_synth
burloaferimeter.rle,Burloaferimeter
burloaferimeter_synth.rle,Burloaferimeter_synth
butterfly.rle,Butterfly
butterfly_synth.rle,Butterfly_synth
byflops.rle,By flops
byflops_synth.rle,By flops_synth
c2wickstretcher.rle,c/2 wickstretcher
c3ladder.rle,c/3 ladder
c3ladders.rle,c/3 ladders
c4diagonalpuffer1.rle,c/4 diagonal puffer 1
c4diagonalspaceships.rle,c/4 diagonal spaceships
c4orthogonalspaceships.rle,c/4 orthogonal spaceships
c5diagonalpuffer1.rle,c/5 diagonal puffer 1
c5diagonaltubstretcher.rle,c/5 diagonal tubstretcher
c5greyship.rle,c/5 greyship
cabertosser1.rle,Caber tosser 1
canadagoose.rle,Canada goose
candelabra.rle,Candelabra
candlefrobra.rle,Candlefrobra
candlefrobra_synth.rle,Candlefrobra_synth
canoe.rle,Canoe
canoe_synth.rle,Canoe_synth
cap.rle,Cap
carnivalshuttle.rle,Carnival shuttle
carriersiamesecarrier.rle,Carrier siamese carrier
carriersiamesecarrier_synth.rle,Carrier siamese carrier_synth
carriersiamesesnake.rle,Carrier siamese snake
carriersiamesesnake_synth.rle,Carrier siamese snake_synth
catacryst.rle,Catacryst
caterer.rle,Caterer
catereron34p13.rle,Caterer on 34P13
catereron36p22.rle,Caterer on 36P22
catereron44p7.2.rle,Caterer on 44P7.2
catereronfigureeight.rle,Caterer on figure eight
caterer_synth.rle,Caterer_synth
cauldron.rle,Cauldron
cauldron_synth.rle,Cauldron_synth
centinal.rle,Centinal
centinalreflector.rle,Centinal reflector
centinal_synth.rle,Centinal_synth
century.rle,Century
centuryeater.rle,Century eater
centuryeater2.rle,centuryeater2.rle
champageglass.rle,Champage glass
champagneglass.rle,Champagne glass
chemist.rle,Chemist
cheptomino.rle,C-heptomino
cheshirecat.rle,Cheshire cat
chickenwire.rle,Chicken wire
cisbargewithtail.rle,Cis-barge with tail
cisbargewithtail_synth.rle,Cis-barge with tail_synth
cisbeaconandanvil.rle,Cis-beacon and anvil
cisbeaconandcap.rle,Cis-beacon and cap
cisbeaconandcap_synth.rle,Cis-beacon and cap_synth
cisbeaconanddock.rle,Cis-beacon and dock
cisbeaconanddock_synth.rle,Cis-beacon and dock_synth
cisbeaconandtable.rle,Cis-beacon and table
cisbeaconandtable_synth.rle,Cis-beacon and table_synth
cisbeaconupandlonghook.rle,Cis-beacon up and long hook
cisbeaconupandlonghook_synth.rle,beacon and long hook_synth
cisblockandlonghook.rle,Cis-block and long hook
cisblockandlonghook_synth.rle,Cis-block and long hook_synth
cisboatanddock.rle,Cis-boat and dock
cisboatanddock_synth.rle,Cis-boat and dock_synth
cisboatandlonghookeatingtub.rle,Cis-boat and long hook eating tub
cisboatandlonghookeatingtub_synth.rle,Cis-boat and long hook eating tub_synth
cisboatandtable.rle,Cis-boat and table
cisboatandtable_synth.rle,Cis-boat and table_synth
cisboatwithtail.rle,Cis-boat with tail
cisboatwithtail_synth.rle,Cis-boat with tail_synth
cisfusewithtwotails.rle,Cis-fuse with two tails
cisfusewithtwotails_synth.rle,Cis-fuse with two tails_synth
cishookandrbee.rle,Cis-hook and R-bee
cishookwithtail.rle,Cis-hook with tail
cishookwithtail_synth.rle,Cis-hook with tail_synth
cisloafwithtail.rle,Cis-loaf with tail
cisloafwithtail_synth.rle,Cis-loaf with tail_synth
cismirroredrbee.rle,Cis-mirrored R-bee
cismirroredrbee_synth.rle,Cis-mirrored R-bee_synth
cisrbeeandrloaf.rle,Cis-R-bee and R-loaf
cisrotatedrbee.rle,Cis-rotated R-bee
cisshillelagh.rle,Cis-shillelagh
cisshillelagh_synth.rle,Cis-shillelagh_synth
clawwithtail.rle,Claw with tail
clawwithtail_synth.rle,Claw with tail_synth
clock.rle,Clock
clock2.rle,Clock 2
clock_synth.rle,Clock_synth
coeship.rle,Coe ship
coeship_synth.rle,Coe ship_synth
coesp8.rle,Coe's p8
coesp8_synth.rle,Coe's p8_synth
conduit1.rle,Conduit 1
confusedeaters.rle,Confused eaters
confusedeaters_synth.rle,Confused eaters_synth
copperhead.rle,Copperhead
copperhead_synth.rle,copperhead_synth.rle
cordpuller.rle,Cord puller
cousinprimecalculator.rle,Cousin prime calculator
cousins.rle,Cousins
cover.rle,Cover
cow.rle,Cow
crab.rle,Crab
crabtubstretcher.rle,Crab tubstretcher
crab_synth.rle,Crab synthesis
cross.rle,Cross
cross2.rle,Cross 2
cross_synth.rle,cross_synth
crowd.rle,Crowd
crown.rle,Crown
crown_synth.rle,Crown_synth
cuphook.rle,Cuphook
cuphook_synth.rle,Cuphook_synth
dart.rle,Dart
dart_synth.rle,Dart_synth
deadsparkcoil.rle,Dead spark coil
deadsparkcoil_synth.rle,Dead spark coil_synth
deepcell.rle,Deep cell
demonoid_synth.rle,Deep cell
diamondring.rle,Diamond ring
diamondring_synth.rle,Diamond ring_synth
diehard.rle,Die hard
dinnertable.rle,Dinner table
dinnertableextension.rle,Dinner table extension
diuresis.rle,Diuresis
dock.rle,Dock
doseedo.rle,Do-see-do
doublecaterer.rle,Double caterer
doubleewe.rle,Double ewe
doublex.rle,Double X
dragon.rle,Dragon
dragonflotillae.rle,Dragon flotillae
dragontagalongs.rle,Dragon tagalongs
eater1.rle,Eater 1
eater1reactions.rle,Eater 1 reactions
eater1withblinker.rle,Eater 1 with blinker
eater1withglider.rle,Eater 1 with glider
eater1withloaf.rle,Eater 1 with loaf
eater1withprebeehive.rle,Eater 1 with pre-beehive
eater1_synth.rle,Eater 1_synth
eater2.rle,Eater 2
eater2_synth.rle,Eater 2_synth
eater3.rle,Eater 3
eater4.rle,Eater 4
eater5.rle,Eater 5
eater5eatinggliders.rle,Eater 5 eating gliders
eaterblockfrob.rle,Eater/block frob
eaterblockfrob_synth.rle,Eater/block frob_synth
eateronboat.rle,Eater on boat
eateronboat_synth.rle,Eater on boat_synth
eaterplug.rle,Eater plug
eaterplug_synth.rle,Eater plug_synth
eatersiameseeater.rle,Eater siamese eater
eatersiameseeater_synth.rle,Eater siamese eater_synth
eaterstampcollection.rle,Eater stamp collection
ecologist.rle,Ecologist
edgerepairherschel.rle,Edge repair Herschel
edgerepairspaceship1.rle,Edge-repair spaceship 1
edgerepairspaceship2.rle,Edge-repair spaceship 2
edna.rle,Edna
edna26.rle,Edna 26
electricfence.rle,Electric fence
elevener.rle,Elevener
elevener_synth.rle,Elevener_synth
elevenloop.rle,Eleven loop
elevenloop_synth.rle,Eleven loop_synth
elkiesp5.rle,Elkies' p5
elkiesp5_synth.rle,Elkies' p5_synth
ellisonp4hwemulator.rle,Ellison p4 HW emulator
ellisonp4hwemulatorhybrid.rle,Ellison p4 HW emulator hybrid
empty.rle,Empty
enretard.rle,En retard
enterprise.rle,Enterprise
eureka.rle,Eureka
eurekav2.rle,Eureka v2
eureka_synth.rle,Eureka_synth
extraextralongsnake.rle,Extra extra long snake
extraextralongsnake_synth.rle,Extra extra long snake_synth
extralongsnake.rle,Extra long snake
extralongsnake_synth.rle,Extra long snake_synth
extremelyimpressive.rle,Extremely impressive
extremelyimpressive_synth.rle,Extremely impressive_synth
fastforwardforcefield.rle,Fast forward force field
fermatprimecalculator.rle,Fermat prime calculator
figureeight.rle,Figure eight
figureeightasreflector.rle,Figure eight as reflector
figureeighton36p22.rle,Figure eight on 36P22
figureeightonpentadecathlon.rle,Figure eight on pentadecathlon
figureeight_synth.rle,Figure eight_synth
fleet.rle,Fleet
fleet_synth.rle,Fleet_synth
fly.rle,Fly
flyextension.rle,Fly extension
flyon60p3h1v0.3.rle,Fly on 60P3H1V0.3
foreandback.rle,Fore and back
foreandback_synth.rle,Fore and back_synth
fountain.rle,Fountain
fourteener.rle,Fourteener
fourteener_synth.rle,Fourteener_synth
fox.rle,Fox
fox_synth.rle,Fox_synth
frenchkiss.rle,French kiss
frenchkiss_synth.rle,frenchkiss_synth.rle
frogii.rle,Frog II
frothingpuffer.rle,Frothing puffer
frothingpuffer2.rle,Frothing puffer 2
fumarole.rle,Fumarole
fumaroleon34p13.rle,Fumarole on 34P13
fumaroleonachimsp11.rle,Fumarole on Achim's p11
fumarole_synth.rle,Fumarole_synth
gabrielsp138.rle,Gabriel's p138
gabrielsp138_synth.rle,Gabriel's p138_synth
gardenofeden1.rle,Garden of Eden 1
gardenofeden2.rle,Garden of Eden 2
gardenofeden3.rle,Garden of Eden 3
gardenofeden4.rle,Garden of Eden 4
gardenofeden5.rle,Garden of Eden 5
gardenofeden6.rle,Garden of Eden 6
gardensofeden.rle,Gardens of Eden
germ.rle,Germ
glasses.rle,Glasses
glasses_synth.rle,Glasses_synth
glider.rle,Glider
gliderduplicator1.rle,Glider duplicator 1
gliderloop.rle,Glider loop
gliderproducingswitchengine.rle,Glider-producing switch engine
gliderproducingswitchenginepredecessor.rle,Glider-producing switch engine predecessor
gliderproducingswitchengine_synth.rle,Glider-producing switch engine_synth
glidersbythedozen.rle,Gliders by the dozen
glidersbythedozen_synth.rle,Gliders by the dozen_synth
glidersymmetricpps.rle,Glider symmetric PPS
glider_synth.rle,Glider_synth
glidesymmetricpps.rle,Glide symmetric PPS
gosperglidergun.rle,Gosper glider gun
gosperglidergungliderdestruction.rle,Gosper glider gun (glider destruction)
gosperglidergun_synth.rle,Gosper glider gun_synth
gottsdots.rle,Gotts dots
gourmet.rle,Gourmet
graycounter.rle,Gray counter
graycounter_synth.rle,Gray counter_synth
greatonoff.rle,Great on-off
greatonoff_synth.rle,Great on off_synth
griddleandbeehive.rle,Griddle and beehive
griddleandbeehive_synth.rle,Griddle and beehive_synth
griddleandblock.rle,Griddle and block
griddleandblock_synth.rle,Griddle and block_synth
griddleandboat.rle,Griddle and boat
griddleandboat_synth.rle,Griddle and boat_synth
grin.rle,Grin
gunstar.rle,Gunstar
gunstar2.rle,Gunstar 2
gunstar216.rle,Gunstar 216
hacksaw.rle,Hacksaw
halfmax.rle,Halfmax
halfmaxv2.rle,Halfmax v2
halfmaxv3.rle,Halfmax v3
hammerhead.rle,Hammerhead
harbor.rle,Harbor
harbor_synth.rle,Harbor_synth
harvester.rle,Harvester
hat.rle,Hat
hat_synth.rle,Hat_synth
heart.rle,Heart
heavyweightemulator.rle,Heavyweight emulator
heavyweightemulator_synth.rle,Heavyweight emulator_synth
heavyweightvolcano.rle,Heavyweight volcano
hebdarole.rle,Hebdarole
hectic.rle,Hectic
heptapole.rle,Heptapole
heptapole_synth.rle,Heptapole_synth
herschel.rle,Herschel
herschelgrandparent.rle,Herschel grandparent
herschelparent.rle,Herschel parent
herschelreceiver.rle,Herschel receiver
herscheltransmitterstable.rle,Herschel transmitter (stable)
hertzoscillator.rle,Hertz oscillator
hertzoscillator_synth.rle,Hertz oscillator_synth
hexapole.rle,Hexapole
hexapole_synth.rle,Hexapole_synth
hexominoes.rle,Hexominoes
highlife10cellstilllifes.rle,HighLife 10-cell still lifes
highlife11cellstilllifes.rle,HighLife 11-cell still lifes
highlife12cellstilllifes.rle,HighLife 12-cell still lifes
highlife13cellstilllifes.rle,HighLife 13-cell still lifes
highlife4cellstilllifes.rle,HighLife 4-cell still lifes
highlife5cellstilllifes.rle,HighLife 5-cell still lifes
highlife6cellstilllifes.rle,HighLife 6-cell still lifes
highlife7cellstilllifes.rle,HighLife 7-cell still lifes
highlife8cellstilllifes.rle,HighLife 8-cell still lifes
highlife9cellstilllifes.rle,HighLife 9-cell still lifes
hivemaker.rle,Hive maker
hivenudger.rle,Hivenudger
hivenudger2.rle,Hivenudger 2
hivenudger_synth.rle,Hivenudger_synth
honeybit.rle,Honeybit
honeycomb.rle,Honeycomb
honeycomb_synth.rle,Honeycomb_synth
honeyfarm.rle,Honey farm
honeyfarm_synth.rle,Honey farm_synth
honeythieves.rle,Honey thieves
honeythieveswithtesttubebaby.rle,Honey thieves with test tube baby
honeythieves_synth.rle,Honeythieves_synth
hooks.rle,Hooks
hookwithtail.rle,Hook with tail
hookwithtail_synth.rle,Hook with tail_synth
house.rle,House
house_synth.rle,House_synth
hustler.rle,Hustler
hustlerii.rle,Hustler II
hustlerii_synth.rle,Hustler II_synth
hustler_synth.rle,Hustler_synth
hwss.rle,Heavyweight spaceship
hwssblinkerfuse.rle,HWSS blinker fuse
hwss_synth.rle,Heavyweight spaceship_synth
infinitegliderhotel.rle,Infinite glider hotel
infinitegliderhotel2.rle,Infinite glider hotel 2
infinitegliderhotel3.rle,Infinite glider hotel 3
infinitegliderhotel4.rle,Infinite glider hotel 4
infinitelwsshotel.rle,Infinite LWSS hotel
inlineinverter.rle,Inline inverter
integralsign.rle,Integral sign
integralsign_synth.rle,Integral sign_synth
integralwithhook.rle,Integral with hook
integralwithhook_synth.rle,Integral with hook_synth
integralwithtub.rle,Integral with tub
integralwithtub_synth.rle,Integral with tub_synth
interchange.rle,Interchange
interchange_synth.rle,Interchange_synth
iwona.rle,Iwona
jack.rle,Jack
jack_synth.rle,Jack_synth
jaggedlines.rle,Jagged lines
jam.rle,Jam
jamon34p13.1.rle,Jam on 34P13.1
jamon44p7.2.rle,Jam on 44P7.2
jam_synth.rle,Jam_synth
jasonsbow.rle,Jason's bow
jasonsp11.rle,Jason's p11
jellyfish.rle,Jellyfish
jolson.rle,Jolson
jolsonperiod9.rle,Jolson (period 9)
jolson_synth.rle,Jolson_synth
justyna.rle,Justyna
karelsp15.rle,Karel's p15
karelsp15_synth.rle,Karel's p15_synth
killercandlefrobras.rle,Killer candlefrobras
killertoads.rle,Killer toads
koksgalaxy.rle,Kok's galaxy
koksgalaxy_synth.rle,Kok's galaxy_synth
lake2.rle,Lake 2
lake2_synth.rle,Lake 2_synth
laputa.rle,Laputa
lidka.rle,Lidka
lifewithoutdeathquadraticgrowth.rle,Life without death quadratic growth
lightbulb.rle,Light bulb
lightbulb_synth.rle,Light bulb_synth
lightspeedoscillator1.rle,Light speed oscillator 1
lightspeedoscillator2.rle,Light speed oscillator 2
lightspeedoscillator3.rle,Light speed oscillator 3
lightweightemulator.rle,Lightweight emulator
linepuffer.rle,Line-puffer
loadingdock.rle,Loading dock
loaf.rle,Loaf
loafer.rle,loafer.rle
loafer_synth.rle,loafer_synth.rle
loaflipflop.rle,Loaflipflop
loafsiamesebarge.rle,Loaf siamese barge
loafsiamesebarge_synth.rle,Loaf siamese barge_synth
loafsiameseloaf.rle,Loaf siamese loaf
loafsiameseloaf_synth.rle,Loaf siamese loaf_synth
loaftractorbeam.rle,Loaf tractor beam
loaf_synth.rle,Loaf_synth
logt2growth.rle,Log(t)^2 growth
longbarge.rle,Long barge
longbarge_synth.rle,Long barge_synth
longboat.rle,Long boat
longboat_synth.rle,Long boat_synth
longcanadagoose.rle,Long Canada goose
longcanoe.rle,Long canoe
longcanoe_synth.rle,Long canoe_synth
longhook.rle,Long hook
longhookwithtail.rle,Long hook with tail
longhookwithtail_synth.rle,Long hook with tail_synth
longintegral.rle,Long integral
longintegral_synth.rle,Long integral_synth
longlongbarge.rle,Long long barge
longlongbarge_synth.rle,Long long barge_synth
longlongboat.rle,Long long boat
longlongboat_synth.rle,Long long boat_synth
longlongcanoe.rle,Long long canoe
longlongcanoe_synth.rle,Long long canoe_synth
longlonghookwithtail.rle,Long long hook with tail
longlonghookwithtail_synth.rle,Long long hook with tail_synth
longlongshillelagh.rle,Long long shillelagh
longlongshillelagh_synth.rle,Long long shillelagh_synth
longlongship.rle,Long long ship
longlongship_synth.rle,Long long ship_synth
longlongsnake.rle,Long long snake
longlongsnake_synth.rle,Long long snake_synth
longshillelagh.rle,Long shillelagh
longshillelagh_synth.rle,Long shillelagh_synth
longship.rle,Long ship
longship_synth.rle,Long ship_synth
longsnake.rle,Long snake
longsnake_synth.rle,Long snake_synth
loop.rle,Loop
loop_synth.rle,Loop_synth
lwss.rle,Lightweight spaceship
lwsstagalong.rle,LWSS tagalong
lwss_synth.rle,Lightweight spaceship_synth
mango.rle,Mango
mango_synth.rle,Mango_synth
mathematician.rle,Mathematician
max.rle,Max
maze2cellstilllifes.rle,Maze 2-cell still lifes
maze3cellstilllifes.rle,Maze 3-cell still lifes
maze4cellstilllifes.rle,Maze 4-cell still lifes
maze5cellstilllifes.rle,Maze 5-cell still lifes
maze6cellstilllifes.rle,Maze 6-cell still lifes
maze7cellstilllifes.rle,Maze 7-cell still lifes
maze8cellstilllifes.rle,Maze 8-cell still lifes
maze9cellstilllifes.rle,Maze 9-cell still lifes
mazeperiod2.rle,Maze period 2
mazestilllifes.rle,Maze still lifes
mazewickstretcher.rle,Maze wickstretcher
mazing.rle,Mazing
mazing_synth.rle,Mazing_synth
mersenneprimecalculator.rle,Mersenne prime calculator
merzenichp18.rle,Merzenich p18
metacatacryst.rle,Metacatacryst
mickeymouse.rle,Mickey Mouse
middleweightemulator.rle,Middleweight emulator
middleweightemulator_synth.rle,Middleweight emulator_synth
middleweightvolcano.rle,Middleweight volcano
minipressurecooker.rle,Mini pressure cooker
minipressurecooker_synth.rle,Mini pressure cooker_synth
mirage.rle,Mirage
mirroreddock.rle,Mirrored dock
mirroreddock_synth.rle,Mirrored dock_synth
mold.rle,Mold
moldandlonghookeatingtub.rle,Mold and long hook eating tub
moldandlonghookeatingtub_synth.rle,Mold and long hook eating tub_synth
moldon36p22.rle,mold on 36P22
moldon36p22_synth.rle,mold on 36P22_synth
moldon41p7.2.rle,Mold on 41P7.2
moldonfumarole.rle,Mold on fumarole
moldonfumarole_synth.rle,Mold on fumarole_synth
moldonpentadecathlon.rle,Mold on pentadecathlon
moldonpentadecathlon_synth.rle,Mold on pentadecathlon_synth
mold_synth.rle,Mold_synth
monogram.rle,Monogram
monogram_synth.rle,Monogram_synth
montana.rle,Montana
moon.rle,Moon
mooseantlers.rle,Moose antlers
mooseantlers_synth.rle,Moose antlers_synth
mosquito1.rle,Mosquito 1
mosquito1b.rle,Mosquito 1b
mosquito2.rle,Mosquito 2
mosquito3.rle,Mosquito 3
mosquito4.rle,Mosquito 4
mosquito5.rle,Mosquito 5
movepuffer.rle,Move puffer
movestilllifes.rle,Move still lifes
movingsawtooth.rle,Moving sawtooth
multuminparvo.rle,Multum in parvo
mutteringmoat1.rle,Muttering moat 1
mwss.rle,Middleweight spaceship
mwss_synth.rle,Middleweight spaceship_synth
negentropy.rle,Negentropy
newfive.rle,New five
newgun1.rle,New gun 1
newgun2.rle,New gun 2
newshuttle.rle,Newshuttle
noahsark.rle,Noah's ark
noahsark_synth.rle,Noah's ark_synth
nonmonotonicspaceship1.rle,Non-monotonic spaceship 1
octagon2.rle,Octagon 2
octagon2on36p22.rle,Octagon 2 on 36P22
octagon2_synth.rle,Octagon 2_synth
octagon4_synth.rle,Octagon 4_synth
oddkeys.rle,Odd keys
oddkeys_synth.rle,Odd keys_synth
oddtesttubebaby.rle,Odd test tube baby
oddtesttubebaby_synth.rle,Odd test tube baby_synth
onepergeneration.rle,One per generation
opentomino.rle,O-pentomino
originaldiuresis.rle,Original diuresis
originalglidersbythedozen.rle,original gliders by the dozen
originalp15prepulsarspaceship.rle,Original P15 pre-pulsar spaceship
originalp44piheptominohassler.rle,Original p44 pi-heptomino hassler
originalp56bheptominoshuttle.rle,Original P56 B-heptomino shuttle
orion.rle,Orion
orion2.rle,Orion 2
ortholoafandtable.rle,Ortho-loaf and table
ortholoafandtable_synth.rle,Ortho-loaf and table_synth
osc-p43+.rle,Ortho-loaf and table_synth
otcametapixel.rle,OTCA metapixel
otcametapixeloff.rle,OTCA metapixel (off)
owss.rle,Overweight spaceship
p110trafficjam.rle,P110 traffic jam
p132hansleohassler.rle,P132 Hans Leo hassler
p144hansleohassler.rle,P144 Hans Leo hassler
p156hansleohassler.rle,P156 Hans Leo hassler
p15prepulsarspaceship.rle,P15 pre-pulsar spaceship
p160dartgun.rle,P160 dart gun
p18glidershuttle.rle,p18 glider shuttle
p18honeyfarmhassler.rle,P18 honey farm hassler
p22lumpsofmuckhassler.rle,P22 lumps of muck hassler
p230glidershuttle.rle,p230 glider shuttle
p246glidershuttle.rle,p246 glider shuttle
p26glidershuttle.rle,P26 glider shuttle
p30beehivehassler.rle,P30 beehive hassler
p31reflection.rle,p31 reflection
p35beehivehassler.rle,p35.1
p36toadhassler.rle,P36 toad hassler
p36toadsucker.rle,p36 toadsucker
p37interaction.rle,P37 interaction
p37reflections.rle,p37 reflections
p40bheptominoshuttle.rle,P40 B-heptomino shuttle
p41660p5h2v0gun.rle,P416 60P5H2V0 gun
p42glidershuttle.rle,p42 glider shuttle
p43gliderloop.rle,p43 glider loop
p43glidershuttle.rle,p43 glider shuttle
p44guns.rle,p44 guns
p44piheptominohassler.rle,P44 pi-heptomino hassler
p44piheptominohassler_synth.rle,P44 pi-heptomino hassler_synth
p44trafficlighthassler.rle,P44 traffic light hassler
p44trafficlighthassleroriginal.rle,P44 traffic light hassler (original)
p45engine.rle,p45 engine
p46gun.rle,p46 gun
p48toadhassler.rle,P48 toad hassler
p48toadsucker.rle,P48 toad sucker
p50glidershuttle.rle,p50 glider shuttle
p50trafficjam.rle,P50 traffic jam
p50trafficjam_synth.rle,P50 traffic jam_synth
p53gliderloop.rle,p53 glider loop
p54shuttle.rle,p54 shuttle
p54shuttle_synth.rle,P54 shuttle_synth
p56bheptominoshuttle.rle,P56 B-heptomino shuttle
p56bheptominoshuttle_synth.rle,P56 B-heptomino shuttle_synth
p5760unitlifecell.rle,p5760 unit Life cell
p57gliderloop.rle,p57 glider loop
p57herschelloop1.rle,P57 Herschel loop 1
p58toadsucker.rle,P58 toadsucker
p59glidergun8kx8k.rle,Period-59 glider gun (8k-by-8k)
p59glidergungreene.rle,Snark-assisted period-59 glider gun
p59glidergunoriginal.rle,Period-59 glider gun (original)
p59gliderloop.rle,p59 glider loop
p59herschelloop1.rle,P59 Herschel loop 1
p5reflector.rle,P5 reflector
p5reflectorwithgliders.rle,P5 reflector with gliders
p61gliderloop.rle,p61 glider loop
p61herschelloop1.rle,P61 Herschel loop 1
p62blinkerhassler.rle,p62 blinker hassler
p63gliderloop.rle,p63 glider loop
p65gliderloop.rle,p65 glider loop
p66glidershuttle.rle,p66 glider shuttle
p67gliderloop.rle,p67 glider loop
p68gliderloop.rle,p68 glider loop
p69060p5h2v0gun.rle,P690 60P5H2V0 gun
p69gliderloop.rle,p69 glider loop
p6diagonalwickstretcher1.rle,p6 diagonal wickstretcher 1
p71gliderloop.rle,p71 glider loop
p88piheptominohassler.rle,p88 pi-heptomino hassler
p94s.rle,P94S
p94s2.rle,P94S2
paperclip.rle,Paperclip
paperclip_synth.rle,Paperclip_synth
parabolicsawtooth.rle,Parabolic sawtooth
partialqueenbeeloop.rle,Partial queen bee loop
pedestle.rle,Pedestle
pennylane.rle,Penny lane
pentadecathlon.rle,Pentadecathlon
pentadecathlonon37p7.1.rle,Pentadecathlon on 37P7.1
pentadecathlonon38p7.2.rle,Pentadecathlon on 38P7.2
pentadecathlononsnacker.rle,Pentadecathlon on snacker
pentadecathlononsnacker_synth.rle,Pentadecathlon on snacker_synth
pentadecathlononthumb1.rle,Pentadecathlon on thumb 1
pentadecathlon_synth.rle,Pentadecathlon_synth
pentant.rle,Pentant
pentapole.rle,Pentapole
pentapole_synth.rle,Pentapole_synth
pentoad.rle,Pentoad
pentoad1h2.rle,Pentoad 1H2
pentoad2.rle,Pentoad 2
pentoadwithtwohexominoes.rle,Pentoad with two hexominoes
pentoad_synth.rle,Pentoad_synth
period1114oscillators.rle,Period 11 - 14 oscillators
period14glidergun.rle,Period 11 - 14 oscillators
period20glidergun.rle,p20 glider gun
period2oscillators.rle,Period 2 oscillators
period3oscillators.rle,Period 3 oscillators
period40glidergun.rle,p40 glider gun
period4oscillators.rle,Period 4 oscillators
period50glidergun.rle,p50 glider gun variant by Dean Hickerson
period50glidergun_bell.rle,p50 glider gun variant by David Bell
period59gun.rle,Period-59 glider gun
period5oscillators.rle,Period 5 oscillators
period61glidergun.rle,Period-61 glider gun
period6oscillators.rle,Period 6 oscillators
period7and8oscillators.rle,Period 7 and 8 oscillators
period8eater3.rle,Period 8 eater 3
period9and10oscillators.rle,Period 9 and 10 oscillators
phoenix1.rle,Phoenix 1
phoenix1extended.rle,Phoenix 1 extended
phoenix1_synth.rle,Phoenix 1_synth
pieater.rle,Pi eater
pieater2.rle,Pi eater 2
piheptomino.rle,Pi-heptomino
piheptomino_synth.rle,Pi-heptomino_synth
pincers_synth.rle,Pincers_synth
pinwheel.rle,Pinwheel
piorbital.rle,Pi orbital
piportraitor.rle,Pi portraitor
pipsquirter1.rle,Pipsquirter 1
pipsquirter1asreflector.rle,Pipsquirter 1 as reflector
pipsquirter2.rle,Pipsquirter 2
pipsquirter2reflector.rle,Pipsquirter 2 reflector
piship1.rle,Pi ship 1
piston.rle,Piston
pond.rle,Pond
pondonpond.rle,Pond on pond
pondonpond_synth.rle,Pond on pond_synth
pond_synth.rle,Pond_synth
popover.rle,Popover
pp8primecalculator.rle,(p p+8) prime calculator
ppentomino.rle,P-pentomino
prebeehive.rle,Pre-beehive
prebeehive_synth.rle,Pre-beehive_synth
preblock.rle,Pre-block
preblock_synth.rle,Pre-block_synth
prepulsar.rle,Pre-pulsar
prepulsarhassler55.rle,Pre-pulsar hassler 55
prepulsarpredecessor.rle,Pre-pulsar predecessor
prepulsarshuttle26.rle,Pre-pulsar shuttle 26
prepulsarshuttle28.rle,Pre-pulsar shuttle 28
prepulsarshuttle29.rle,Pre-pulsar shuttle 29
prepulsarshuttle29v2.rle,Pre-pulsar shuttle 29 v2
prepulsarshuttle29v3.rle,Pre-pulsar shuttle 29 v3
prepulsarshuttle47.rle,Pre-pulsar shuttle 47
prepulsarshuttle47v2.rle,Pre-pulsar shuttle 47 v2
prepulsarshuttle58.rle,Pre-pulsar shuttle 58
prepulsarspaceship.rle,Pre-pulsar spaceship
pressurecooker.rle,Pressure cooker
primequadrupletcalculator.rle,Prime quadruplet calculator
primer.rle,Primer
protein.rle,Protein
pseudobarberpole.rle,Pseudo-barberpole
pseudobarberpoleon36p22.rle,Pseudo-barberpole on 36p22
pseudobarberpole_synth.rle,Pseudo-barberpole_synth
puffer1.rle,Puffer 1
puffer2.rle,Puffer 2
puffer2_synth.rle,Puffer 2_synth
pufferfish.rle,Pufferfish
pufferfishbreeder.rle,Pufferfish breeder
pufferfishcompanion.rle,Pufferfish with a companion
pufferfishrake.rle,Pufferfish rake
pufferfishspaceship.rle,Pufferfish spaceship
pufferfishspaceship_synth.rle,pufferfishspaceship_synth.rle
pufferfish_synth.rle,Pufferfish_synth
pulsar.rle,Pulsar
pulsarquadrant.rle,Pulsar quadrant
pulsarquadrant_synth.rle,Pulsar quadrant_synth
pulsar_synth.rle,Pulsar_synth
pushalong1.rle,Pushalong 1
pushalong1_synth.rle,Pushalong 1
qpentomino.rle,Q-pentomino
quad.rle,Quad
quadfuse.rle,Quadfuse
quadpole.rle,Quadpole
quadpole_synth.rle,Quadpole_synth
quadpseudostilllife.rle,Quad pseudo still life
quadraticsawtooth.rle,quadraticsawtooth.rle
quad_synth.rle,Quad_synth
quasar.rle,Quasar
queenbee.rle,Queen bee
queenbeeloop.rle,Queen bee loop
queenbeeshuttle.rle,Queen bee shuttle
queenbeeshuttlepipredecessor.rle,Queen bee shuttle pi predecessor
queenbeeshuttle_synth.rle,Queen bee shuttle_synth
queenbeeturner.rle,Queen bee turner
queenbeeturningreaction1.rle,Queen bee turning reaction 1
queenbee_synth.rle,Queen bee_synth
r2d2.rle,R2D2
rabbits.rle,Rabbits
rabbits_synth.rle,Rabbits_synth
radialpseudobarberpole.rle,Radial pseudo-barberpole
rats.rle,$rats
rats_synth.rle,$rats_synth
rbeeandsnake.rle,R-bee and snake
rbeeandsnake_synth.rle,R-bee and snake_synth
rectifier.rle,Rectifier
replicator.rle,Replicator
replicatorpredecessor.rle,Replicator predecessor
revolver.rle,Revolver
rileysbreeder.rle,Riley's breeder
ringoffire.rle,Ring of fire
rloaf.rle,R-loaf
roteightor.rle,Roteightor
roteightorextension.rle,roteightor extension
rpentomino.rle,R-pentomino
rpentomino_synth.rle,R-pentomino_synth
rumblingriver1.rle,Rumbling river 1
sailboat.rle,Sailboat
sawtooth1.rle,Sawtooth 1
sawtooth1163.rle,Sawtooth 1163
sawtooth177.rle,Sawtooth 177
sawtooth181.rle,sawtooth181.rle
sawtooth1846.rle,Sawtooth 1846
sawtooth201.rle,Sawtooth 1846
sawtooth260.rle,Sawtooth 260
sawtooth262.rle,Sawtooth 262
sawtooth269.rle,Sawtooth 269
sawtooth362.rle,Sawtooth 362
sawtooth562.rle,Sawtooth 562
sawtooth633.rle,Sawtooth 633
schickengine.rle,Schick engine
schickengine_synth.rle,Schick engine_synth
scorpion.rle,Scorpion
scorpion_synth.rle,Scorpion_synth
scotsp5.rle,Scot's p5
scrubber.rle,Scrubber
scrubber_synth.rle,Scrubber_synth
scrubber_with_blocks.rle,Scrubber with blocks
seal.rle,Seal
semisnark.rle,Semi-snark
sesquihat.rle,Sesquihat
sesquihat_synth.rle,Sesquihat_synth
shillelagh.rle,Shillelagh
shillelagh_synth.rle,Shillelagh_synth
ship.rle,Ship
shipinabottle.rle,Ship in a bottle
shipmaker.rle,Ship maker
shiponbipole_synth.rle,Ship on bipole_synth
shiponlongboat.rle,Ship on long boat
shiponlongboat_synth.rle,Ship on long boat_synth
shiponquadpole.rle,Ship on quadpole
shiponquadpole_synth.rle,Ship on quadpole_synth
shiptie.rle,Ship-tie
shiptie_synth.rle,Ship-tie_synth
ship_synth.rle,Ship_synth
shortkeys.rle,Short keys
shortkeys_synth.rle,Short keys_synth
sidecar.rle,Sidecar
sidecareater.rle,Sidecar eater
sidecargun.rle,Sidecar gun
sidecar_synth.rle,Sidecar_synth
sidewalk.rle,Sidewalk
sidewalk_synth.rle,Sidewalk_synth
siesta.rle,Siesta
silversp5.rle,Silver's p5
silversp5_synth.rle,Silver's p5_synth
silversreflector.rle,Silver's p5_synth
simkinglidergun.rle,Simkin glider gun
sixls.rle,Six Ls
sixtynine.rle,Sixty-nine
skewedprepulsar.rle,Skewed pre-pulsar
skewedquad.rle,Skewed quad
skewedquad_synth.rle,Skewed quad_synth
skewedtrafficlight.rle,Skewed traffic light
slidegun.rle,Slide gun
slowpuffer1.rle,Slow puffer 1
slowpuffer2.rle,Slow puffer 2
slowpuffer2rake.rle,rake based on Slow Puffer 2
smallernewshuttle.rle,Smaller newshuttle
smallerp61gun.rle,Period-61 glider gun
smalllake.rle,Small lake
smalllake_synth.rle,Small lake_synth
smallstilllifes.rle,Small still lifes
smiley.rle,Smiley
smiley_synth.rle,Smiley_synth
snacker.rle,Snacker
snacker2.rle,Snacker 2
snackeron38p7.2.rle,Snacker on 38P7.2
snacker_synth.rle,Snacker_synth
snail.rle,Snail
snake.rle,Snake
snakebridgesnake.rle,Snake bridge snake
snakebridgesnake_synth.rle,Snake bridge snake_synth
snakedance.rle,Snake dance
snakepit.rle,Snake pit
snakepit2.rle,Snake pit 2
snakepit2_synth.rle,Snake pit 2_synth
snakesiamesesnake.rle,Snake siamese snake
snakesiamesesnake_synth.rle,Snake siamese snake_synth
snake_synth.rle,Snake_synth
snark.rle,Snark
snark_synth.rle,Snark_synth
snorkelloop.rle,Snorkel loop
snorkelloop_synth.rle,Snorkel loop_synth
sombreros.rle,Sombreros
spacefiller1.rle,Spacefiller 1
spacefiller2.rle,Spacefiller 2
spacerake.rle,Space rake
sparkcoil.rle,Spark coil
sparkcoil_synth.rle,Spark coil_synth
sparky.rle,Sparky
spentomino.rle,S-pentomino
spider.rle,Spider
spiral.rle,Spiral
squaredance.rle,Squaredance
stairstephexomino.rle,Stairstep hexomino
star.rle,Star
stargate.rle,Star gate
stargatewithlightweightspaceships.rle,Star gate with lightweight spaceships
starwithblocks.rle,Star with blocks
star_synth.rle,Star_synth
stillater.rle,Stillater
stilllifes.rle,Still lifes
stilllifetagalong.rle,Still life tagalong
superfountain.rle,Superfountain
surprise.rle,Surprise
swan.rle,Swan
swanboatstretcher.rle,Swan boatstretcher
swanweldgoose.rle,Swan weld goose
swine.rle,Swine
switchengine.rle,Switch engine
switchenginepingpong.rle,Switch engine ping-pong
symmetricscorpion.rle,Symmetric scorpion
table.rle,Table
tableontable.rle,Table on table
tableontable_synth.rle,Table on table_synth
tail.rle,Tail
teardrop.rle,Teardrop
teardrop_synth.rle,Teardrop_synth
technician.rle,Technician
teeth.rle,Teeth
testtubebaby.rle,Test tube baby
testtubebaby_synth.rle,Test tube baby_synth
tetheredrake.rle,Tethered rake
tetraplets.rle,Tetraplets
tetrominoes.rle,Tetrominoes
thumb1.rle,Thumb 1
thumb2.rle,Thumb 2
thunderbird.rle,Thunderbird
thunderbird_synth.rle,Thunderbird_synth
timebomb.rle,Time bomb
titanictoroidaltraveler.rle,Titanic toroidal traveler
tlogtgrowth.rle,tlog(t) growth
tnosedp4.rle,T-nosed p4
tnosedp6.rle,T-nosed p6
toad.rle,Toad
toadflipper.rle,Toad flipper
toadsucker.rle,Toad sucker
toad_synth.rle,Toad_synth
toaster.rle,Toaster
totalaperiodic.rle,Total aperiodic
totalperiodic.rle,Total periodic
tpentomino.rle,T-pentomino
trafficcircle.rle,Traffic circle
trafficjam.rle,Traffic jam
trafficlight.rle,Traffic light
trafficlight_synth.rle,Traffic light_synth
transbargewithtail.rle,Trans-barge with tail
transbargewithtail_synth.rle,Trans-barge with tail_synth
transbeaconandcap.rle,Trans-beacon and cap
transbeaconandcap_synth.rle,Trans-beacon and cap_synth
transbeaconanddock.rle,Trans-beacon and dock
transbeaconanddock_synth.rle,Trans-beacon and dock_synth
transbeaconandtable.rle,Trans-beacon and table
transbeaconandtable_synth.rle,Trans-beacon and table_synth
transblockandlonghook.rle,Trans-block and long hook
transblockandlonghookeatingtub_synth.rle,Trans-block and long hook eating tub_synth
transblockandlonghook_synth.rle,Trans-block and long hook_synth
transboatanddock.rle,Trans-boat and dock
transboatwithnine.rle,Trans-boat with nine
transboatwithnine_synth.rle,Trans-boat with nine_synth
transboatwithtail.rle,Trans-boat with tail
transboatwithtail_synth.rle,Trans-boat with tail_synth
transfusewithtwotails.rle,Trans-fuse with two tails
transfusewithtwotails_synth.rle,Trans-fuse with two tails_synth
transhookandrbee.rle,Trans-hook and R-bee
transloafwithtail.rle,Trans-loaf with tail
transloafwithtail_synth.rle,Trans-loaf with tail_synth
transmirroredrbee.rle,Trans-mirrored R-bee
transmirroredrbee_synth.rle,Trans-mirrored R-bee_synth
transparentblockreaction.rle,Transparent block reaction
transqueenbeeshuttle.rle,Trans-queen bee shuttle
transrbeeandrloaf.rle,Trans-R-bee and R-loaf
transrotatedrbee.rle,Trans-rotated R-bee
triblock.rle,Tri-block
tricetongs.rle,Trice tongs
tricetongs_synth.rle,Trice tongs_synth
triplecaterer.rle,Triple caterer
triplepseudostilllife.rle,Triple pseudo still life
triplets.rle,Triplets
tripole.rle,Tripole
tripole_synth.rle,Tripole_synth
tritoad.rle,Tritoad
trueperiod22gun.rle,True period 22 gun
trueperiod24gun.rle,True period 22 gun
ttetromino.rle,T-tetromino
tub.rle,Tub
tubber.rle,Tubber
tubtesttubebaby.rle,Tub test tube baby
tubtesttubebaby_synth.rle,Tub test tube baby_synth
tubwithlonglongtail.rle,Tub with long long tail
tubwithlonglongtail_synth.rle,Tub with long long tail_synth
tubwithlongtail.rle,Tub with long tail
tubwithlongtail_synth.rle,Tub with long tail_synth
tubwithtail.rle,Tub with tail
tubwithtail_synth.rle,Tub with tail_synth
tub_synth.rle,Tub_synth
tumbler.rle,Tumbler
tumbler_synth.rle,Tumbler_synth
tumblingttetson.rle,Tumbling T-tetson
turingmachine.rle,Turing machine
turningtoads.rle,Turning toads
turtle.rle,Turtle
turtlewithtagalong.rle,Turtle with tagalong
twinbeesshuttle.rle,Twin bees shuttle
twinbeesshuttlev2.rle,Twin bees shuttle v2
twinbeesshuttle_synth.rle,Twin bees shuttle_synth
twinhat.rle,Twin hat
twinhat_synth.rle,Twin hat_synth
twinprimecalculator.rle,Twin prime calculator
twirlingttetsons2.rle,Twirling T-tetsons 2
twirlingttetsonsii.rle,Twirling T-tetson II
twoeaters.rle,Two eaters
twoeaters_synth.rle,Two eaters_synth
twoglidermess.rle,Two-glider mess
twoglidermess_synth.rle,Two-glider mess_synth
twoglidersyntheses.rle,Two-glider syntheses
twogun.rle,twogun
twoprelhasslers.rle,Two pre-L hasslers
twopulsarquadrants.rle,Two pulsar quadrants
unicycle.rle,Unicycle
unicycle_synth.rle,Unicycle_synth
unidimensionalfourgliders.rle,Unidimensional four gliders
unidimensionalinfinitegrowth.rle,Unidimensional infinite growth
unidimensionalnothing.rle,Unidimensional nothing
unidimensionalpentadecathlon.rle,Unidimensional pentadecathlon
unidimensionalsixgliders.rle,Unidimensional six gliders
unidimensionaltumbler.rle,Unidimensional tumbler
unix.rle,Unix
unixon41p7.2.rle,Unix on 41P7.2
unix_synth.rle,Unix_synth
upentomino.rle,U-pentomino
vacuumgun.rle,Vacuum (gun)
vacuumgunpulling.rle,Vacuum (gun) pulling
venetianblinds.rle,Venetian blinds
verylonghouse.rle,Very long house
vgun.rle,V gun
vpentomino.rle,V-pentomino
washerwoman.rle,Washerwoman
washingmachine.rle,Washing machine
washingmachine_synth.rle,Washing machine_synth
wasp.rle,Wasp
wavefront.rle,Wavefront
waveguide1.rle,Waveguide 1
weekender.rle,Weekender
weekenderdistaff.rle,weekenderdistaff.rle
weekendertagalong.rle,Weekender tagalong
weekender_synth.rle,weekender_synth.rle
weldedgeese.rle,Welded geese
whynot.rle,Why not
whynot_synth.rle,Why not_synth
wickstretcher1.rle,Wickstretcher 1
windmill.rle,Windmill
wing.rle,Wing
wingextended.rle,Wing extended
wingspaceship.rle,Wing (spaceship)
workerbee.rle,Worker bee
workerbee_synth.rle,Worker bee_synth
wpentomino.rle,W-pentomino
x66.rle,x66
x66_half.rle,x66
x66_synth.rle,x66_synth.rle
xpentomino.rle,X-pentomino
ypentomino.rle,Y-pentomino
zhexomino.rle,Z-hexomino
zpentomino.rle,Z-pentomino
zweiback.rle,Zweiback
